x,n_terms,best_rank_median,best_rank_min,rep_terms
women,13029,93348.0,10,spring tops for women | gifts for women | beach vacation clothes for women
men,4785,97421.0,18,gifts for men | pheromone cologne for men | stocking stuffers for men
kids,2525,99582.0,32,nail biting treatment for kids | valentines day gifts for kids | magnesium lotion for kids
girls,1343,99988.0,478,backpack for girls | stitch gifts for girls | jansport backpack for girls
adults,1325,97006.0,90,white elephant gifts for adults | bad breath treatment for adults | n95 masks for adults
dogs,794,98617.0,126,no chew spray for dogs | yeast infection treatment for dogs | probiotics for dogs
christmas,705,97369.0,31,christmas gifts for grandkids | christmas gift bags | christmas gifts
boys,662,104673.5,913,teen boys gift ideas | advent calendar for boys | stocking stuffers for boys
day,539,85150.0,3,mothers day gifts | fathers day gifts | valentines day gifts for her
home,368,92784.5,110,fall decorations for home | vacuum cleaners for home | air purifiers for home
car,331,104732.0,2192,snow brush for car | magnetic phone holder for car | phone mount for car
bedroom,317,96702.0,35,humidifiers for bedroom | dresser for bedroom | led lights for bedroom
birthday,264,108067.5,289,birthday gifts for women | birthday gifts for men | birthday gift for women
outside,261,87571.0,1159,american flags for outside | hammock with stand for outside | wind chimes for outside
living room,224,113774.5,323,couches for living room | sectional couches for living room | rugs for living room
face,224,91375.0,51,stem cell serum for face | red light therapy for face | azelaic acid for face
christmas tree,222,114655.5,5137,velvet bows for christmas tree | red bows for christmas tree | velvet ornaments for christmas tree
woman,209,76287.0,242,blue light glasses for woman | hoka shoes for woman | skorts for woman
cats,198,100757.5,1190,lysine for cats | calming collar for cats | flea and tick prevention for cats
classroom,195,100182.0,4495,treasure box toys for classroom | fidgets for classroom | velcro dots for classroom
teens,194,85178.5,766,easter basket stuffers for teens | christmas gifts for teens | period swimwear for teens
toddlers,187,113418.0,2413,felt christmas tree for toddlers | ball pit for toddlers | stocking stuffers for toddlers
school,186,90794.0,388,headphones for school | kids headphones for school | notebooks for school
baby,174,112718.5,6008,humidifier for baby | baby gifts | nasal aspirator for baby
bathroom,163,111641.0,1312,towel warmers for bathroom | towel racks for bathroom | towels for bathroom
wall,161,103168.0,334,floating shelves for wall | mirrors for wall | hat rack for wall
hair,160,114223.5,934,heat protection spray for hair | spray bottle for hair | wax stick for hair
amazon,147,90365.0,2,amazon gift card | amazon gift cards physical | amazon gift cards digital
kitchen,144,105576.0,1041,cutting boards for kitchen | titanium cutting boards for kitchen | blenders for kitchen
crafts,140,117089.0,12988,pom poms for crafts | magnets for crafts | clear ornaments for crafts
teen girls,137,102057.0,240,stocking stuffers for teen girls | gifts for teen girls | advent calendar for teen girls
elephant,129,85552.0,25,white elephant gifts | white elephant gifts for adults | white elephant gift ideas
seniors,127,107868.0,300,maxi dresses for seniors | women shorts for seniors | rompers for seniors
mom,127,79746.0,9,mothers day gifts for mom | gifts for mom | mom gifts
iphone,124,91130.5,1148,tripod for iphone | selfie stick for iphone | sd card reader for iphone
cooking,123,98647.0,2155,oil sprayer for cooking | wooden spoons for cooking | beef tallow for cooking
for,118,91445.5,897,christmas bags for gifts | tissue paper for gift bags | ribbon for gift wrapping
travel,115,100006.0,1164,packing cubes for travel | passport holder for travel | portable fan for travel
desk,107,101732.0,2892,laptop stand for desk | staplers for desk | pen holder for desk
girl,106,89821.0,455,teen girl gifts trendy stuff | teen girl gifts | 3 year old girl gifts
baking,106,117655.5,3336,cookie sheets for baking | silicone muffin pans for baking | christmas sprinkles for baking
sleeping,104,95135.0,135,mouth tape for sleeping | ear plugs for sleeping | bonnet for sleeping
large dogs,104,99255.0,1868,dog toys for large dogs | dog costumes for large dogs | dog sweaters for large dogs
graduation,103,82550.0,255,graduation gifts | graduation gifts for her | kindergarten graduation gifts
him,103,73428.0,10,valentines day gifts for him | gifts for him | silicone rings for him
couples,100,101789.5,1761,matching pajamas for couples | couples gifts | gifts for couples
clothes,99,89460.0,394,steamer for clothes | iron for clothes | permethrin spray for clothes
babies,96,104949.5,7464,gripe water for babies | easter basket stuffers for babies | cloth diapers for babies
valentines,96,84680.5,2928,valentines gifts for him | valentines gifts for kids | valentines gifts
food,95,97774.0,830,warming mat for food | vacuum sealer bags for food | vacuum sealer for food
plants,93,97275.0,1145,neem oil spray for plants | pots for plants | perlite for plants
camping,92,106758.0,814,tents for camping | portable shower for camping | sleeping pad for camping
small dogs,89,96240.0,2613,dog sweaters for small dogs | dog toys for small dogs | dog costumes for small dogs
her,89,73130.0,8,valentines day gifts for her | gifts for her | graduation gifts for her
pool,86,120016.5,8299,3 inch chlorine tablets for pool | chlorine stabilizer for pool | dog floats for pool
bed,86,94315.5,5439,decorative pillows for bed | grounding mat for bed | dog ramp for bed
work,85,109489.0,3121,notebooks for work | nurse accessories for work | wireless headset with mic for work
windows,84,109531.5,1442,curtain rods for windows | roman shades for windows | no drill blinds for windows
easter,83,77200.0,2080,easter gifts for kids | easter gifts | egg stuffers for easter
boy,82,83382.5,2417,1 year old boy gifts | teen boy gifts | 10 year old boy gifts
winter,82,103455.5,652,window insulation for winter | faucet covers for winter | dog booties for winter
cars,82,113244.5,3511,dash camera for cars | microfiber towels for cars | ceramic coating for cars
dad,81,73677.0,16,fathers day gifts for dad | gifts for dad | dad gifts
shower,80,102414.0,3350,back scrubber for shower | bridal shower gifts | baby shower gifts for girls
front door,79,110038.0,694,fall wreaths for front door | christmas wreaths for front door | wreath hangers for front door
nails,78,96490.5,1103,builder gel for nails | emery boards for nails | cat eye magnet for nails
outdoors,77,80779.0,280,hummingbird feeders for outdoors | artificial flowers for outdoors | bird feeders for outdoors
weight loss,76,86076.5,297,glp1 patches for weight loss | glp1 for weight loss | yerba magic for weight loss
skin,71,103460.0,303,beef tallow for skin | bee venom cream for skin | organic beef tallow for skin
hair growth,71,118172.0,582,rosemary oil for hair growth | batana oil for hair growth | rosemary water spray for hair growth
women summer,69,103917.0,559,2 piece sets for women summer | two piece sets for women summer | red dresses for women summer
planting,69,117132.0,31550,pumpkin seeds for planting | auger drill bit for planting | sunflower seeds for planting
women dressy,69,106820.0,4414,jumpsuits for women dressy | two piece sets for women dressy | rompers for women dressy
dorm,68,113379.5,15759,fan for dorm | mini fridge for dorm | shoe rack for dorm
party,66,95198.5,10247,red carpet runner for party | plastic plates for party | valentines day decorations for party
cool,63,126074.0,11038,cool gifts for men | cool gifts | cool gifts for adult sister
family,63,85837.0,566,matching christmas pajamas for family | christmas pajamas for family | family gifts
wife,62,78570.0,750,mothers day gifts for wife | gifts for wife | stocking stuffers for wife
teachers,61,86698.0,11,school outfits for teachers | tops for teachers | gifts for teachers
older women,61,111948.0,890,laura geller makeup for older women | gifts for older women | prime prometics mascara for older women
yard,61,83133.0,994,sprinklers for yard | snake repellent for yard | outdoor solar lights for yard
fridge,61,88059.0,3835,egg holder for fridge | fruit storage containers for fridge | water filter for fridge
women set,61,98655.0,327,pajamas for women set | scrubs for women set | flannel pajamas for women set
closet,60,118593.0,1345,shoe rack for closet | shoe organizer for closet | dresser for closet
indoor use,60,60913.5,120,space heaters for indoor use | heaters for indoor use | electric heaters for indoor use
black women,60,89490.0,4043,crochet hair for black women | wigs for black women | human hair wigs for black women
valentine,60,83423.5,4468,teacher valentine gift | valentine gifts for kids | valentine gifts
beginners,59,111605.0,1447,crochet kit for beginners | embroidery kit for beginners | sewing machine for beginners
toddler girls,59,116952.0,9260,easter dresses for toddler girls | halloween costumes for toddler girls | gifts for toddler girls
office,58,81526.0,11872,office gifts | scissors for office | mini fridge for office
laptop,58,117651.5,2040,mouse for laptop | portable monitor for laptop | usb hub for laptop
gifts,57,90209.0,897,christmas bags for gifts | christmas tags for gifts | christmas boxes for gifts
patio,57,93536.0,911,outdoor heaters for patio | outdoor lights for patio | outdoor umbrellas for patio
women trendy,56,80257.5,2414,tops for women trendy | jeans for women trendy | sweaters for women trendy
halloween,55,90640.0,507,skeletons for halloween | halloween gifts | halloween gifts for kids
indoor cats,55,96813.0,642,cat toys for indoor cats | cat beds for indoor cats | cat brushes for indoor cats
appreciation,54,67633.0,49,teacher appreciation gifts | nurse appreciation gifts | teacher appreciation gifts in bulk
husband,53,59985.0,273,fathers day gifts for husband | gifts for husband | husband gifts
curvy women,53,84743.0,1137,plus size dresses for curvy women | plus size lingerie for curvy women | plus size rompers for curvy women
teacher,53,94966.0,658,teacher gifts | teacher gifts for women | teacher gift
women sexy,51,94217.0,1713,lingerie sets for women sexy | valentines lingerie for women sexy | heels for women sexy
wedding,51,107230.0,4962,wedding gifts | wedding gifts for couples 2025 | wedding gift
bride,51,79554.0,3812,wedding dresses for bride | bride gifts | wedding shoes for bride
pc,51,113821.0,4925,webcam for pc | microphone for pc | bluetooth adapter for pc
outdoor plants,50,99576.0,3113,planters for outdoor plants | hanging planters for outdoor plants | tall planters for outdoor plants
curly hair,49,99456.0,5202,leave in conditioner for curly hair | mousse for curly hair | brush for curly hair
couch,48,80215.0,4730,throw pillows for couch | decorative pillows for couch | throw blanket for couch
dog,48,114452.0,3977,dog gifts | melatonin for dog | calming diffuser for dog
cleaning,48,96309.0,3035,spray bottles for cleaning | steamer for cleaning | dusters for cleaning
indoor plants,47,110824.0,1094,grow lights for indoor plants | hanging planters for indoor plants | self watering pots for indoor plants
tv,47,103084.0,4574,surround sound system for tv | dvd players for tv | enter code for tv
teen boys,47,84783.0,499,stocking stuffers for teen boys | gifts for teen boys | advent calendar for teen boys
house,45,137062.0,890,no soliciting sign for house | thermostat for house | permanent outdoor lights for house
best,45,130236.0,7992,best gifts for women 2025 | best gifts for men | best gifts for teen girls
feet,44,51550.5,566,neuropathy pain relief for feet | pumice stone for feet | callus remover for feet
coffee,44,88624.0,6465,frother for coffee | coffee gifts | vanilla syrup for coffee
garden,44,110535.0,7527,olive garden gift card | shade cloth for garden | irrigation system for garden
home use,43,99536.0,767,blood pressure monitors for home use | generators for home use | printers for home use
table,43,128425.0,11683,christmas runner for table | purse hook for table | thanksgiving decorations for table
humans,42,103836.5,296,methylene blue for humans | methane blue for humans | parasite cleanse for humans
kids classroom,42,64948.5,640,valentines cards for kids classroom | valentines day gifts for kids classroom | valentine cards for kids classroom
sleep,41,96614.0,299,magnesium lotion for sleep | eye masks for sleep | teeth grinding mouth guard for sleep
lawn,40,104967.0,1012,grass seeds for lawn | clover seeds for lawn | water sprinkler for lawn
daughter,40,92840.5,2042,mothers day gifts for daughter | valentines day gifts for daughter | daughter gifts from mom
toddler,40,124986.0,2669,easter basket stuffers for toddler | toddler gifts | travel potty seat for toddler
tree,40,83134.0,4786,christmas lights for tree | ornaments for tree | christmas decorations for tree
cash,40,93466.5,5304,money envelopes for cash | christmas money holders for cash | money puzzle box for cash gift
s,39,108700.0,6391,men valentine's gifts | men's gifts | women's gifts
small spaces,39,129004.0,28689,small couches for small spaces | small side table for small spaces | small treadmills for small spaces
lawns,38,92121.5,6172,rakes for lawns | crabgrass killer for lawns | dandelion killer for lawns
womens,38,69367.0,1879,womens gifts | body suits for womens | sweat pants for womens
coworkers,38,77294.5,3100,gifts for coworkers | bulk gifts for coworkers | christmas gifts for coworkers
painting,38,117139.0,2671,canvas for painting | rocks for painting | easel for painting
jewelry making,38,117730.0,6866,beads for jewelry making | charms for jewelry making | glass beads for jewelry making
women winter,38,110797.5,4668,leg warmers for women winter | earmuffs for women winter | scarf for women winter
body,38,97485.5,1597,red light therapy for body | scrubbies for body | dark spot remover for body
anniversary,37,118730.0,3387,anniversary gifts for men | anniversary gifts for women | anniversary gift for couple
entryway,37,111037.0,1926,shoe rack for entryway | shoe cabinet storage for entryway | rugs for entryway
class,37,123046.0,12975,valentines for class | lego valentines for class | toddler valentines day gifts for class
mens,37,61125.0,124,mens gifts | mens gifts ideas | sweat pants for mens
room,36,111651.0,19654,flags for room | air cooler for room | led lights for room
students,36,97062.0,6571,scientific calculators for students | back to school gifts for students | class christmas gifts for students
tables,35,101861.0,2279,fly fans for tables | christmas centerpieces for tables | centerpieces for tables
elderly,35,135370.0,587,best selling items for elderly | bestselling items for elderly | mobility aids for elderly
grandma,35,90554.0,666,grandma gifts | gifts for grandma | mothers day gifts for grandma
truck,34,121852.0,29969,backup camera for truck | train horn for truck | bow buddy bow hanger for truck
storage,34,127097.0,7271,tree bags for storage | totes for storage | desiccant packs for storage
hunting,34,107395.5,4727,binoculars for hunting | range finder for hunting | hunting gifts for men
refrigerator,34,108999.0,8851,magnetic calendar for refrigerator | magnetic spice rack for refrigerator | egg organizer for refrigerator
boyfriend,33,83655.0,1615,gifts for boyfriend | boyfriend gifts | christmas gifts for boyfriend
backyard,33,83910.0,2344,swing sets for backyard | volleyball net for backyard | kids pools for backyard
cabinets,33,107236.0,7412,mini wreaths for cabinets | pull out drawers for cabinets | christmas bows for cabinets
door,33,112654.0,24296,magnetic curtain rod for door | child locks for door | shoe rack for door
porch,33,117630.0,21054,outdoor pumpkins for porch | outdoor christmas trees for porch | pumpkins for porch
gardening,32,65421.5,7371,gardening gifts for women | gardening gifts | raised beds for gardening
women formal,32,97879.5,15456,evening gowns for women formal | ball gowns for women formal | long dresses for women formal
sale,32,130070.0,3767,house for sale | tiny homes for sale | unclaimed packages for sale
drinks,32,100591.5,3727,edible glitter for drinks | blood bags for drinks | coasters for drinks
gag,31,75993.0,714,gag gifts | gag gifts funny adult | gag gifts for men
small,31,70219.0,2346,small gift bags | small gifts for women | small gifts
beach,31,115484.0,14939,sand remover for beach | boogie boards for beach | tent for beach
chocolate,31,80506.0,5645,chocolate gift box | godiva chocolate gift box | hot chocolate gift sets
sewing,31,119915.0,15395,elastic for sewing | thread for sewing | zippers for sewing
clothing,31,131266.0,632,vacuum seal bags for clothing | body adhesive for clothing | fabric shaver for clothing
wood,31,133025.0,18751,restore a finish for wood | carpenter bee repellent for wood | staple gun for wood
gift wrapping,30,85978.5,3889,ribbon for gift wrapping | bows for gift wrapping | christmas bows for gift wrapping
kitchen sink,30,102909.0,3010,sponge holder for kitchen sink | sink protectors for kitchen sink | soap dispenser for kitchen sink
kitchen counter,30,67021.5,4765,stone drying mat for kitchen counter | dish racks for kitchen counter | utensil holder for kitchen counter
holiday,30,85379.5,2582,holiday gift | holiday gift bags | holiday gift baskets
moving,30,88683.0,4023,mattress bags for moving | packing boxes for moving | bubble wrap for moving
teeth,29,92702.0,2318,water flossers for teeth | miswak sticks for teeth | plaque remover for teeth
man,29,95934.0,3965,t shirts for man | man gifts | masturebstor for man
sister,29,57679.0,2135,sister gifts | gifts for sister | mothers day gifts for sister
medium dogs,29,68162.0,4954,dog collars for medium dogs | dog costumes for medium dogs | dog crates for medium dogs
laundry,29,95941.0,37,pet hair remover for laundry | borax powder for laundry | color catchers for laundry
swimming,29,93101.0,6969,ear plugs for swimming | mermaid tail for swimming | dog life vest for swimming
cold weather,28,99050.0,3698,mens gloves for cold weather | face mask for cold weather | womens gloves for cold weather
adult,28,136167.0,2203,lego sets for adult | human dog bed for adult | foldable human dog bed for adult
son,28,131698.5,20273,fathers day gifts for son | gifts for son | valentines day gifts for son
mantle,27,86720.0,919,stocking holders for mantle | garland for mantle | garland hangers for mantle
summer,27,97644.0,4006,womens rompers for summer | womens capris for summer | schools out for summer
dollar,27,79279.0,31421,10 dollar gifts | 5 dollar gifts | best 50 dollar gifts for adults
countertop,27,80211.0,8895,food warming mat for countertop | food warming mats for countertop | butter dish with lid for countertop
photography,27,97156.0,2855,cameras for photography | christmas backdrops for photography | easter backdrops for photography
indoor windows,26,100338.5,1525,blinds for indoor windows | roman shades for indoor windows | shades for indoor windows
phone,26,134162.0,21714,ring light for phone | portable selfie light for phone | tripod for phone
presents,26,87433.5,3337,gift boxes for presents | gift boxes with lids for presents | shirt boxes for presents
e,26,110459.0,3997,e gift card amazon | amazon e gift card | e gift card
old,26,151185.0,47022,1 year old gifts | 2 year old gifts | boys 10 year old gift ideas
walls,26,98404.0,5199,sound proof foam panels for walls | cork boards for walls | sound proof panels for walls
outdoor grill,26,106610.5,2497,grill cover for outdoor grill | grill brush for outdoor grill | grill mats for outdoor grill
furniture,25,99755.0,20551,leather repair kit for furniture | steam cleaner for furniture | chalk paint for furniture
money,25,92081.0,7472,money gift box | exploding money gift box | surprise gift box explosion for money
week,25,125737.0,1706,nurses week gifts | nurses week gifts bulk 2025 | cna week gifts bulk 2025
parties,25,92789.0,6917,tents for parties | drink dispensers for parties | ice buckets for parties
toddler boys,25,113502.0,28285,halloween costumes for toddler boys | socks for toddler boys | stocking stuffers for toddler boys
car windshield,25,90764.0,1574,ice scrapers for car windshield | sun shade for car windshield | sunshade for car windshield
garage,25,92839.0,31127,fishing pole holders for garage | space heater for garage | fishing rod holders for garage
vehicles,25,110038.0,1027,gps tracker for vehicles | deer whistles for vehicles | power inverters for vehicles
you,25,96240.0,13180,thank you gifts | thank you gifts for women | nathan for you
santa,24,91403.5,2903,secret santa gifts | dirty santa gifts | secret santa gifts for women
shoes,24,111008.5,6807,heel pads for shoes | odor eaters for shoes | waterproof spray for shoes
decoration,24,65950.0,4609,garlands for decoration | fall flowers artificial for decoration | hay bales for decoration
snow,24,114784.0,2259,sleds for snow | rock salt for snow | salt for snow
purse,24,115104.0,28111,small makeup bag for purse | pouches for purse | makeup bag for purse
smart tv,23,91804.0,3672,sound bar for smart tv | antenna for smart tv | samsung remote control for smart tv
inground pools,23,58318.0,2765,pool vacuum for inground pools | pool fountains for inground pools | pool robot vacuum for inground pools
carpet,23,103359.0,10390,chair mat for carpet | office chair mat for carpet | desk chair mat for carpet
hanging,23,109701.0,5567,hooks for hanging | wall hooks for hanging | s hooks for hanging
fabric,23,127017.0,13263,rotary cutter for fabric | snaps for fabric | sewing clips for fabric
breastfeeding,23,79327.0,3982,nursing bras for breastfeeding | nipple cream safe for breastfeeding | nipple cream for breastfeeding
home gym,23,55675.0,12634,gym flooring for home gym | weight benches for home gym | workout mats for home gym
bathtub,23,151163.0,12906,jacuzzi mat for bathtub | kinder filter for bathtub | splash guard for bathtub
cat,23,84817.0,7210,cat gifts | cat gifts for women | black cat gifts
a,23,145793.0,9240,chick fil a gift card | a gift from the sea by anne morrow lindbergh | send a gift card from amazon
wedding guest,23,100931.0,4002,dresses for wedding guest | cocktail dresses for wedding guest | dress for wedding guest
floor,22,93183.0,480,kitchen mats for floor | balloon stands for floor | baby mat for floor
ipad,22,88913.5,2436,stylus pen for ipad | keyboard for ipad | bluetooth keyboard for ipad
oven,22,85877.5,9229,casserole dishes for oven | pizza stone for oven | turkey pan for oven
couple,22,110870.5,8464,couple gifts | anniversary gift for couple | couple gift
baby girl,22,111192.0,26598,bibs for baby girl | gifts for baby girl | cabbage patch costume for baby girl
chickens,21,85921.0,15172,nesting boxes for chickens | first saturday lime for chickens | hemp bedding for chickens
pain relief,21,105057.0,32023,neck pillows for pain relief | knee massager for pain relief | vitality frankincense oil for pain relief
lover,21,113647.0,10421,book lover gifts for women | cat lover gifts for women | cat lover gifts
hardwood floors,21,126811.0,12755,rug gripper for hardwood floors | furniture sliders for hardwood floors | furniture pads for hardwood floors
retirement,21,100139.0,2593,retirement gift for woman | retirement gifts for men | retirement gifts for women
funny,21,102098.0,719,funny gifts | funny gifts for men | funny gifts for women
decorating,21,67324.0,16018,pumpkins for decorating | edible eyes for decorating | pinecones for decorating
walking,21,117748.0,11930,step counter for walking | weighted vest woman adjustable weights for walking | womens weighted vest for walking
visa,21,37369.0,803,visa gift card ️ | visa gift card | visa gift cards 100 dollars
newborn,21,78683.0,19736,baby towels for newborn | baby essentials for newborn | baby pillows for sleeping for newborn
short hair,21,94779.0,13397,curling iron for short hair | numoya go brush pro for short hair | mini curling iron for short hair
shelves,21,104001.0,19807,baskets for shelves | storage baskets for shelves | book ends for shelves
cabinet,21,67078.0,1882,spice organization for cabinet | spice rack organizer for cabinet | tupperware organizer for cabinet
women casual,20,68579.0,10730,jumpsuits for women casual | blouses for women casual | palazzo pants for women casual
fall,20,89627.0,24622,maternity clothes for fall | best selling tote bag for fall | shoes for fall
metal,20,134618.0,24161,rust remover for metal | self tapping screws for metal | black spray paint for metal
aggressive chewers,20,69552.5,731,dog toys for aggressive chewers | kong dog toys for aggressive chewers | dog chew toys for aggressive chewers
xbox,20,132972.0,725,xbox gift card | xbox gift card digital code | xbox gift card 10
bracelets,20,120912.0,4306,beads for bracelets | charms for bracelets | elastic string for bracelets
brother,20,83108.5,1122,rakhi for brother | gifts for brother | brother gifts
pets,20,116692.5,7567,dog tags personalized for pets | advent calendar for pets | spruce weed killer safe for pets
trucks,20,76096.5,19972,rock lights for trucks | seat covers for trucks | strobe lights for trucks
eyes,20,80725.5,16600,red contacts for eyes | lutein for eyes | colored contacts for eyes
college,20,142857.0,17561,backpack for college | tote bag for college | blue bags for college
crafting,19,86340.0,23498,feathers for crafting | pearls for crafting | heat gun for crafting
inside shower,19,54787.0,6239,shower chair for inside shower | shower mats for inside shower | shower hooks for inside shower
legs,19,130257.0,8,varicose veins treatment for legs | instant lift patch for legs | cellulite remover for legs
pet hair,19,131280.0,21455,pet vacuum for pet hair | robotic vacuum for pet hair | vacuums for pet hair
bulk,19,95521.0,4445,bulk gifts | bulk gifts for coworkers | bulk gifts for women
roblox,19,80919.0,55,roblox gift card | roblox gift card digital code | roblox gift card physical
digital,19,90365.0,7015,digital gift card | amazon digital gift card | digital gift cards amazon ecard
kitchen cabinets,19,104000.0,25997,slide out drawers for kitchen cabinets | small wreaths for kitchen cabinets | christmas knob covers for kitchen cabinets
toilet,19,122006.0,997,bidet attachment for toilet | sitz bath for toilet | pumice stone for toilet
bedrooms,19,126095.0,1891,alarm clocks for bedrooms | portable air conditioners for bedrooms | door locks for bedrooms
lunch box,19,137066.0,26665,ice pack for lunch box | sauce containers for lunch box | kids ice packs for lunch box
baby boy,19,130741.0,38493,bibs for baby boy | krishna dress for baby boy | gifts for baby boy
girlfriend,19,86681.0,3895,gifts for girlfriend | girlfriend gifts | christmas gifts for girlfriend
boss,18,88900.5,13393,boss gifts for women | gifts for boss | boss gifts
braces,18,113975.5,22831,floss for braces | platypus flossers for braces | wax for braces
dry eyes,18,118146.0,4895,eye drops for dry eyes | blink eye drops for dry eyes | retaine eye drops for dry eyes
pregnancy,18,82525.5,312,stretch mark cream for pregnancy | pregnancy gifts | maternity bras for pregnancy
large,18,91752.5,8618,large gift bag | large gift bags | large gift box
little girls,18,116908.0,23282,hair ties for little girls | gifts for little girls | tiara for little girls
unique,18,132898.5,4460,unique gifts for women | unique gifts for men | unique gifts
nurses,18,78972.5,16433,pen lights for nurses | gifts for nurses | deals for nurses
stairs,18,106847.5,4627,baby gate for stairs | gate for stairs | christmas garland for stairs
fishing,18,94199.0,6082,fishing gifts for men | fishing gifts | bobbers for fishing
suv,18,84403.5,1045,trunk organizer for suv | seat covers for suv | trunk grocery organizer for suv
android,18,142799.0,25181,selfie stick for android | stylus pen for android | wireless earbuds for android
flowers,18,132541.0,32347,small vases for flowers | vases for flowers | vase for flowers
neuropathy,18,84372.5,21,nerve savior for neuropathy | nerve renew for neuropathy | foot massager for neuropathy
landscaping,18,124747.5,8120,mulch glue for landscaping | edging for landscaping | rock glue for landscaping
grandpa,17,71235.0,2236,grandpa gifts | gifts for grandpa | fathers day gifts for grandpa
care,17,131663.0,2377,self care gifts for women | self care gifts | skin care gift set
photoshoot,17,124933.0,7345,maternity dress for photoshoot | white backdrop for photoshoot | backdrops for photoshoot
women clearance,17,99145.0,5836,purses for women clearance | sweaters for women clearance | sneakers for women clearance
sports,17,137351.0,38994,clear earrings for sports | sports gifts for boys 8-12 | cooling towels for sports
long hair,17,162792.0,22647,hot rollers for long hair | curling wand for long hair | curlers for long hair
women fall,17,85150.0,5321,2 piece sets for women fall | two piece sets for women fall | long skirts for women fall
fish tank,17,143624.0,13502,heater for fish tank | algae remover for fish tank | fish net for fish tank
sand,17,124218.0,2807,beach umbrellas for sand | beach wagon with big wheels for sand | beach cart with big wheels for sand
crocheting,17,112805.0,4461,yarn for crocheting | stitch markers for crocheting | safety eyes for crocheting
organizing,17,91118.0,7309,baskets for organizing | containers for organizing | storage containers for organizing
horses,17,139721.0,33834,fly masks for horses | fly boots for horses | toys for horses
hair removal,16,78613.5,7493,wax strips for hair removal | wax strip for hair removal | cyperus rotundus oil for hair removal
traveling,16,114121.5,19567,duffel bags for traveling | neck pillow for traveling | collapsible water bottles for traveling
playstation,16,94935.0,621,playstation gift card | playstation gift card digital code | playstation gift card 10
kids school,16,77181.5,24,valentines day cards for kids school | valentines day gifts for kids school | head phones for kids school
communion,16,77835.0,3670,first communion gifts for girls | first communion gifts for boys | 1st communion gifts for girls
mac,16,146608.5,40409,bluetooth mouse for mac | external hard drive for mac | mouse for mac
exercise,16,125017.0,17304,stretch bands for exercise | elastic bands for exercise | slant boards for exercise
golf,16,66434.5,1815,golf gifts for men | golf gifts | golf gift
drawing,16,124399.5,21219,sketchbook for drawing | sketch pads for drawing | sketch books for drawing
woodworking,16,107833.0,24225,clamps for woodworking | corner clamps for woodworking | dust collectors for woodworking
friends,16,81580.0,11974,gifts for friends | mothers day gifts for friends | diwali gifts for friends
mothers day,15,101300.0,26074,gifts for mothers day | flowers for mothers day | mom gifts for mothers day
thick hair,15,116164.0,9815,claw clips for thick hair | hair ties for thick hair | hair clips for thick hair
grilling,15,112504.0,14276,grilling gifts for men | skewers for grilling | grilling gifts
top,15,161907.0,24510,top gifts for women 2025 | 2024 top gifts for men | top gifts for men 2025
airplane,15,107732.0,18495,car seat travel bag for airplane | travel stroller for airplane | womens travel outfit for airplane
hot tub,15,96575.0,23823,frog replacement cartridges for hot tub | frog chlorine replacement for hot tub | chlorine for hot tub
physical,15,121918.0,3213,physical gift cards | amazon physical gift card | physical gift card
floor cleaning,15,103129.0,4841,steam mops for floor cleaning | mops for floor cleaning | mop soap for floor cleaning
display,15,125058.0,20435,plate stands for display | easels for display | picture stands for display
centerpieces,15,92627.0,24597,vases for centerpieces | floating candles for centerpieces | mason jars for centerpieces
kids bulk,15,107817.0,34858,end of school year gifts for kids bulk | valentines day gifts for kids bulk | lcd writing tablet for kids bulk
weed,15,88784.0,30995,smoking accessories for weed | rolling tray for weed | weed gifts
friend,15,66392.0,2697,best friend gifts for women | best friend gifts | friend gifts for women
cheese,15,99928.0,9305,meat and cheese gift baskets | cheese gift baskets | sausage and cheese gift basket
cocktails,15,88732.0,7210,edible glitter for cocktails | muddler for cocktails | bitters for cocktails
braids,15,93550.0,20213,purple hair extensions for braids | hair accessories for braids | bonnet for braids
teen,15,132802.0,8059,teen gifts | teen gifts for girls | legos for teen
hot food,14,123963.5,1607,thermos for hot food | kids thermos for hot food | food thermos for hot food
reading,14,96620.0,14602,book marks for reading | magnifying glass for reading | book stand for reading
candle making,14,57395.0,7711,wax melter for candle making | soy wax for candle making | candle wicks for candle making
ceiling,14,110403.0,21040,glow in the dark stars for ceiling | cloud lights for ceiling | stars for ceiling
grill,14,98743.5,26942,bbq daddy scrub daddy for grill | pizza stone for grill | fire starters for grill
church,14,106858.5,43867,women dresses for church | ladies dresses for church | teen dresses for church
keurig,14,75599.0,4372,reusable k cups for keurig | coffee k cups for keurig | tea pods for keurig
team,14,127613.0,24618,team gifts for employees | soccer snack bags for team | softball gifts for team
side sleepers,14,81714.5,7276,nuzzle pillows for side sleepers | knee pillow for side sleepers | pillow for side sleepers
xmas,14,121606.0,16918,xmas gift bags | xmas gifts for women | xmas gifts
women lightweight,14,113549.5,10903,summer cardigans for women lightweight | summer sweaters for women lightweight | scarves for women lightweight
women waterproof,14,88633.0,12893,snow boots for women waterproof | anklets for women waterproof | winter boots for women waterproof
freezer,14,113970.5,4861,ice trays for freezer | ice cube trays for freezer | ice scoop for freezer
dry skin,14,102755.0,16960,body lotion for dry skin | hand lotion for dry skin | lotion for dry skin
girls bedroom,14,150421.0,43259,white dresser for girls bedroom | curtains for girls bedroom | pink dresser for girls bedroom
washing machine,14,110806.5,38326,shoe bag for washing machine | lint catcher for washing machine | anti vibration pads for washing machine
home decor,14,136314.5,49360,decorative books for home decor | bowl fillers for home decor | ceramic vases for home decor
coolest,14,105585.0,25644,coolest gifts for 13 year old boys | coolest gifts for 3 year old girl | coolest gift for 6 year old girl
boat,14,138585.0,61810,fire extinguisher for boat | american flag for boat | fishing rod holders for boat
bathroom sink,13,105775.0,20452,mirrors for bathroom sink | faucet for bathroom sink | drano for bathroom sink
sneakers,13,130353.0,9592,shoe laces for sneakers | shoe charms for sneakers | shoelaces for sneakers
starbucks,13,111254.0,220,starbucks gift cards | starbucks gift card | starbucks gift cards physical
mom from,13,112431.0,25334,gifts for mom from daughter | mothers day gifts for mom from son | mothers day gifts for mom from daughter
marijuana,13,58194.0,6682,grinder for marijuana | stash boxes for marijuana | smell proof bags for marijuana
kindle,13,97168.0,12681,kindle gift card | pop socket for kindle | kindle gift card for kindle books
hp printers,13,102846.0,8977,ink cartridges for hp printers | 910xl ink cartridges for hp printers | 902xl ink cartridges for hp printers
boats,13,121325.0,14170,bimini tops for boats | bilge pumps for boats | fish finders & depth finders for boats
luggage,13,75626.0,10473,tsa locks for luggage | suitcase covers for luggage | travel vacuum bags for luggage
baby girls,13,126024.0,29464,bows for baby girls | easter dresses for baby girls | baptism dresses for baby girls
gaming,13,99496.0,31957,iems for gaming | pc controllers for gaming | gaming gifts
aquarium,13,71167.0,13622,heater for aquarium | heaters for aquarium | driftwood for aquarium
wrinkles,13,98132.0,36244,b glossy body serum for wrinkles | calcium stick for wrinkles | eye cream for wrinkles
college students,13,100881.0,28191,electronics for college students | gifts for college students | moving bags for college students
computer,13,140733.0,35741,camera for computer | air can duster for computer | ring light for computer
neck,13,85722.0,32706,heating pad for neck | cooling rags for neck | ice ring for neck
whiteboard,13,106573.0,12491,magnets for whiteboard | magnetic marker holder for whiteboard | magnetic book shelf for whiteboard
return,13,143027.0,28850,return gifts for pooja | return gifts for birthday party | diwali return gifts
fine hair,13,133820.0,17010,john frieda ultra filler for fine hair | leave in conditioner for fine hair | hair volumizer for fine hair
eating,13,85307.0,31625,bed trays for eating | baby bibs for eating | tv trays for eating
nursery,13,114966.0,16101,egg light for nursery | dresser for nursery | baby humidifiers for nursery
night,13,129833.0,15376,movie night gift basket | senior night gifts | lighted dog collars for night
vanity,13,114877.0,14194,make up organizers for vanity | makeup organizer for vanity | chair for vanity
christmas lights,13,143498.0,77488,gutter clips for christmas lights | timer for christmas lights | command hooks for christmas lights
wine,13,64442.0,13407,wine gifts | wine gift bag | wine gifts for women
football,13,102206.0,21331,football gifts | kids mouth guard for football | football gifts for boys 8-12
tub,13,61572.0,4939,bath pillows for tub | bath mat for tub | bath tray for tub
women gift,13,105222.0,3724,bath sets for women gift | cozy blankets for women gift | candle sets for women gift
outdoor furniture,13,41762.0,9015,cushions for outdoor furniture | patio cushions for outdoor furniture | bench cushions for outdoor furniture
pregnant women,13,68511.0,2004,morning sickness relief for pregnant women | nausea relief for pregnant women | belly bands for pregnant women
glass windows,13,78954.0,23033,privacy film for glass windows | window clings for glass windows | christmas window clings for glass windows
thanksgiving,13,69579.0,11764,thanksgiving gifts | turkey platter for thanksgiving | thanksgiving gift
inside,13,68627.0,12429,rv accessories for inside | rat poisoning for inside | camper accessories for inside
climbing plants,13,120429.0,11705,garden trellis for climbing plants | plant clips for climbing plants | moss poles for climbing plants
nail art,13,59481.0,8061,nail stickers for nail art | nail brushes for nail art | nail pens for nail art
guys,13,92485.0,1890,dorm essentials for guys | college dorm essentials for guys | dorm room essentials for guys
counter,13,158471.0,30061,kcup holder for counter | 3 tier fruit basket for counter | make up organizers for counter
vase,13,114642.0,47075,dried flowers for vase | floral grid for vase | faux flowers for vase
ears,12,138130.0,33976,gauges for ears | cotton swabs for ears | sweet oil for ears
people with,12,12649.0,800,gifts for people with dementia | gifts for people with anxiety | gifts for people with cancer
children,12,86695.5,35846,medicine syringes for children | parasite cleanse for children | richard scarry books for children
dishes,12,92844.0,14684,sponges for dishes | kitchen brushes for dishes | silicone sponges for dishes
makeup,12,69316.0,4724,setting spray for makeup | makeup gift set | makeup gift set for women
inground pool,12,48342.0,10951,pool lights for inground pool | pool shock for inground pool | pool slide for inground pool
book lovers,12,57312.5,8364,gifts for book lovers | gifts for book lovers women | book journal for book lovers
sympathy,12,125305.0,12975,sympathy gifts for loss of loved one | sympathy gift baskets | sympathy gift
women denim,12,124602.5,9051,jean skirts for women denim | jean romper for women denim | jean shirts for women denim
diffuser,12,109846.0,16454,essential oils for diffuser | oil for diffuser | essential oil for diffuser
cookies,12,132128.5,41141,christmas sprinkles for cookies | sprinkles for cookies | easter sprinkles for cookies
dresses,12,141812.5,31371,womens tights for dresses | under shorts for dresses | garment bags for dresses
grandparents,12,45496.0,4718,gifts for grandparents | grandparents gifts | cool presents for grandparents
candy,12,68058.5,6815,halloween bags for candy | halloween bowls for candy | candy gift basket
guests,12,109937.0,33696,wedding favors for guests | baby shower favors for guests | graduation party favors for guests
back pain,12,92190.0,37768,inversion tables for back pain | back roller foam for back pain | massager for back pain
baby shower,12,107852.5,15230,maternity dress for baby shower | baby boxes with letters for baby shower | baby blocks for baby shower
women face,12,124119.0,1318,dermaplane razor for women face | tinkle razors for women face | sonic smooth dermaplane for women face
jeans,12,99170.0,13115,womens belts for jeans | button extenders for jeans | iron on patches for jeans
leggings,12,137629.5,44919,tunic sweaters for women for leggings | womens tunic tops for leggings | long shirts for women for leggings
sink,12,96753.5,25007,water diverter for sink | water absorbing stone tray for sink | water filter for sink
lake,12,106555.5,54959,floating mat for lake | rafts for lake | water trampoline for lake
kids outdoor,12,102173.0,19030,mud kitchen for kids outdoor | playhouse for kids outdoor | tree swings for kids outdoor
jewelry,12,113912.5,18185,jewelry gift box | jewelry gift boxes | small jewelry gift box
backpacks,12,101406.5,12561,pins for backpacks | patches for backpacks | keychains for backpacks
outdoor,12,118091.0,3883,shepherds hooks for outdoor | outdoor gifts for men | outdoor gifts
drawer,12,71408.5,18570,silverware tray for drawer | spice organization for drawer | makeup organizer for drawer
long nails,12,145360.5,75316,keyboard for long nails | tippy type keyboard cover for long nails | keyboard cover for long nails
spa,12,55138.0,5858,spa gifts for women | bath spa gifts for women | spa gift baskets
dark spots,12,87598.0,4549,turmeric soap for dark spots | remedy for dark spots | hydroquinone cream for dark spots
fathers day,12,88994.0,14654,dad gifts for fathers day | dad shirts for fathers day | gifts for fathers day
home office,12,89166.0,7653,desk lamps for home office | file cabinets for home office | filing cabinets for home office
indoors,12,63122.5,626,fruit fly traps for indoors | fly swatter for indoors | battery operated heaters for indoors
personalized,12,88691.5,2547,personalized gifts for women | personalized gifts | personalized gifts for men
dad from,11,89124.0,11063,gifts for dad from daughter | fathers day gifts for dad from daughter | gifts for dad from son
vegetables,11,125329.0,46037,potting soil for vegetables | garden soil for vegetables | garden shade cloth for vegetables
women petite,11,95517.0,41153,jumpsuits for women petite | palazzo pants for women petite | jeans for women petite
apple watch,11,163509.0,59875,gold watch band for apple watch | christmas watch band for apple watch | magnetic charging cable for apple watch
chicken coop,11,101898.0,16041,nesting pads for chicken coop | solar fan for chicken coop | lime for chicken coop
airplanes,11,98306.0,9776,travel pillows for airplanes | travel neck pillows for airplanes | carry on backpack for airplanes
lovers,11,99274.0,3820,book lovers gifts | dog lovers gifts for women | smutty book lovers gifts
christian,11,72899.0,1404,christian gifts for women | christian gifts | christian gifts for men
water,11,141646.0,83222,ph meter for water | cooper cups for water | drill pump for water
dogs large,11,83840.0,2734,muddy mats for dogs large | pupsicles for dogs large | elk antlers for dogs large
hot weather,11,136467.0,15453,cooling towels for hot weather | neck coolers for hot weather | cold towels for hot weather
homemade bread,11,47139.0,4269,bread bags for homemade bread | bread slicer for homemade bread | bread pans for homemade bread
pain,11,103472.0,14798,arthritis gloves for women for pain | epsom salts for soaking for pain | magnesium cream for pain
sleep apnea,11,144151.0,6993,wedge pillow for sleep apnea | derila pillow for sleep apnea | derila ergo pillow for sleep apnea
boots,11,82854.0,37828,ice cleats for boots | shoe laces for boots | leg warmers for boots
drinking,11,93178.0,14247,cat fountains for drinking | copper cups for drinking | copper cups 100 pure copper for drinking
home security,11,70708.0,981,cameras for home security | wireless cameras for home security | window cameras for home security
year,11,67123.0,14864,end of the year gifts for students bulk | chinese new year gifts | end of school year gifts for kids bulk
pantry,11,133414.0,10574,can organizer for pantry | wire rack covers for pantry | wire shelf covers for pantry
video recording,11,60501.0,35708,phone holder for video recording | iphone microphone for video recording | light for video recording
gym,11,77767.0,32226,gym gifts for men | cable attachments for gym | gym gifts
window,11,70595.0,21946,black out shade for window | black out blinds for window | cat hammock for window
business,11,111101.0,50065,open signs for business | vending machines for business | gift certificates for business
cards,11,72687.0,5429,top loaders for cards | christmas stickers for cards | pokemon binders for cards
plants indoor,11,131006.0,15453,moss for plants indoor | perlite for plants indoor | hanging pots for plants indoor
women gold,11,84454.0,41354,cross necklace for women gold | waterproof jewelry for women gold | earrings for women gold
grooming,11,92879.0,7635,dog clippers for grooming | dog trimmer for grooming | dog scissors for grooming
dorm room,11,117575.0,6693,air purifier for dorm room | small vacuum for dorm room | fan for dorm room
driveway,11,92637.0,2694,snow shovel for driveway | deicer for driveway | curb ramps for driveway
toiletries,11,101468.0,7919,travel bottles for toiletries | travel containers for toiletries | travel bag for toiletries
bike,11,94545.0,8180,phone holder for bike | water bottle holder for bike | phone mount for bike
coach,11,98952.0,53615,basketball coach gifts | baseball coach gifts | football coach gifts
apple,11,57887.0,697,apple gift cards email delivery | apple gift card | apple gift card (email delivery)
hanging clothes,11,74931.0,6274,garment bags for hanging clothes | clothing racks for hanging clothes | clothes racks for hanging clothes
tea,11,79025.0,6983,tea gift set | tea gifts | honey sticks for tea
shooting,11,122291.0,47001,steel targets for shooting | walker ear protection for shooting | eye protection for shooting
running,11,108471.0,27538,phone holder for running | arm band for phone for running | running gifts
stove top,11,80601.0,9962,spoon rest for stove top | griddle pan for stove top | double boilers for stove top
aunt,11,58938.0,5638,aunt gifts | gifts for aunt | mothers day gifts for aunt
useful,11,141826.0,20508,useful gifts | useful gifts for women | useful gifts for men
plastic,11,141140.0,42191,plastic gift bags | super glue for plastic | spray paint for plastic
dresser,11,130815.0,21933,changing pad for dresser | drawer liners for dresser | gold knobs for dresser
meat,11,88582.0,35309,electric carving knife for meat | carving knife for meat | food injector for meat
men work,11,121110.0,66563,lunch cooler for men work | steel toe shoes for men work | milwaukee pants for men work
mini,11,123432.0,15267,mini gift bags | mini gifts | mini gifts for women
cell phone,10,95373.0,5172,screen magnifier for cell phone | emf blocker for cell phone | tripod for cell phone
love,10,147950.0,32855,the hunt for love | in the mood for love | 90 day: hunt for love
passover,10,59298.0,13979,matzah for passover | seder plates for passover | haggadah for passover
doors,10,158100.5,3547,alien draft seal tape for doors | weatherstripping for doors | child safety locks for doors
rectangle tables,10,81052.0,28142,white tablecloths for rectangle tables | plastic tablecloths for rectangle tables | cloth tablecloths for rectangle tables
stroller,10,149604.0,15556,fan for stroller | portable fan for stroller | mosquito net for stroller
office chair,10,84604.0,12142,lumbar support pillow for office chair | back support for office chair | floor mat for office chair
women travel,10,87781.0,11245,crossbody bags for women travel | baggallini crossbody bags for women travel | weekender bags for women travel
small business,10,114202.0,30331,label printer for small business | bags for small business | plastic bags for small business
turkey,10,135127.0,20622,brining bags for turkey | brine bags for turkey | cheese cloth for turkey
sourdough,10,127623.0,8958,weck jars for sourdough | beeswax bread bags for sourdough | sourdough gifts
baseball,10,121098.5,7217,baseball gifts | baseball gifts for boys 8-12 | baseball gifts for boys
moms,10,90372.0,1951,best selling items for moms | gifts for moms | fall sports must haves for moms
hiking,10,66991.5,30210,bear spray for hiking | trekking poles for hiking | walking sticks for hiking
women office,10,99375.0,33875,work outfits for women office | desk decorations for women office | work sweaters for women office
diwali,10,66749.5,5896,diwali gifts | diyas for diwali | diwali gifts for friends
nuts,10,149528.0,7198,nuts gift basket | nuts gift | nuts gift box
boating,10,99553.5,26393,tubes for boating | towable tubes for boating | dog life vests for boating
men waterproof,10,81415.0,24628,rain suits for men waterproof | rain gear for men waterproof | golf rain gear for men waterproof
braiding,10,75218.5,4752,deep wave bulk human hair for braiding | boho hair for braiding | boho human hair for braiding
kids room,10,138741.5,74172,rug for kids room | name signs for kids room | nightlight for kids room
outdoor planters,10,106567.5,4629,faux flowers for outdoor planters | faux mums for outdoor planters | faux fall flowers for outdoor planters
cruise,10,106330.0,36574,sea sickness patches for cruise | seasickness patches for cruise | carnival cruise gift card
id badges,10,83120.5,1035,lanyards for id badges | breakaway lanyards for id badges | retractable lanyards for id badges
gel nails,10,118931.5,4815,uv light for gel nails | crome powder for gel nails | led nail light for gel nails
anxiety,10,105775.5,51524,weighted highland cow for anxiety | weighted blanket for anxiety | weighted stuffed animals for anxiety
birds,10,88348.5,26254,sunflower seeds for birds | mealworms for birds | black oil sunflower seeds for birds
cancer,10,85512.5,25574,soursop oil organic for cancer | breast cancer gifts for woman | essiac tea organic for cancer
the,10,104095.5,17571,the gift | the girl with all the gifts | the gift of fear
plants outdoor,10,125697.0,7875,hanging baskets for plants outdoor | hanging pots for plants outdoor | large pots for plants outdoor
quilting,10,137996.0,31926,batting for quilting | best press spray starch for quilting | aurifil 50 wt cotton thread for quilting
coworker,10,53757.5,4157,coworker gifts | coworker gifts for women | funny coworker gifts
vehicle,10,98283.0,7989,car heaters for vehicle | fire extinguisher for vehicle | portable car heaters for vehicle
runners,10,108401.0,23049,running lights for runners | gifts for runners | salt tablets for runners
men pack,10,47609.0,2724,underwear for men pack | boxer briefs for men pack | undershirts for men pack
prom,10,134023.0,32478,silver heels for prom | gold heels for prom | gold jewelry for prom
uncle,10,108704.5,7491,uncle gifts | gifts for uncle | best uncle gifts
inflatables,10,56482.5,2874,air pump for inflatables | electric pump for inflatables | pump for inflatables
outside patio,10,59264.0,3173,misters for outside patio | gas fire pits for outside patio | bird deterrents for outside patio
backpack,10,146332.0,60919,small umbrella for backpack | keychain for backpack | mini umbrella for backpack
locker,10,101427.5,5383,combination lock for locker | lock for locker | mirror for locker
drill,10,93121.0,37275,wire brush for drill | wire stripper for drill | wire twister tool for drill
doorways,10,98276.0,7331,baby gates for doorways | dog gates for doorways | beaded curtains for doorways
law,10,27830.0,5387,mother in law gifts | sister in law gifts | daughter in law gifts
easter eggs,10,112186.0,7554,candy for easter eggs | mini glow sticks for easter eggs | stickers for easter eggs
ashes,10,100135.0,19290,urn necklaces for ashes | cremation jewelry for ashes | dog urns for ashes
memorial,10,65122.5,1002,dog memorial gifts for loss of dog | pet memorial gifts for dogs | memorial gifts
hands,10,138672.5,57007,henna stencils for hands | paraffin wax for hands | wet wipes for hands
outdoor use,10,68765.5,603,patio heaters for outdoor use | rat poisoning for outdoor use | moth balls for outdoor use
my car,10,36603.5,6772,air filter for my car | wiper blades for my car | cabin air filter for my car
nurse,10,131749.0,3751,nurse gifts | nurse gifts for women | nurse gift
